Autoroute entrée	Péage entrée	Classe 1	Classe 5
ST GERMAIN LES VERGNES	MONTREUIL AUX LIONS	93.9	53.5
MONTREUIL AUX LIONS	ST GERMAIN LES VERGNES	93.9	53.5
ST GERMAIN LES VERGNES	MONTREUIL (REIMS)	91.9	52.2
MONTREUIL (REIMS)	ST GERMAIN LES VERGNES	91.9	52.2
ST GERMAIN LES VERGNES	CHATEAU-THIERRY	89.6	51.1
CHATEAU-THIERRY	ST GERMAIN LES VERGNES	89.6	51.1
ST GERMAIN LES VERGNES	DORMANS	87.2	49.8
DORMANS	ST GERMAIN LES VERGNES	87.2	49.8
ST GERMAIN LES VERGNES	REIMS NORD (ORMES)	85.8	48.5
REIMS NORD (ORMES)	ST GERMAIN LES VERGNES	85.8	48.5
ST GERMAIN LES VERGNES	REIMS OUEST (THILLOIS)	86.4	49.0
REIMS OUEST (THILLOIS)	ST GERMAIN LES VERGNES	86.4	49.0
ST GERMAIN LES VERGNES	REIMS SUD	84.6	48.0
REIMS SUD	ST GERMAIN LES VERGNES	84.6	48.0
ST GERMAIN LES VERGNES	CHARMONT-S/BARBUISE	74.6	42.3
CHARMONT-S/BARBUISE	ST GERMAIN LES VERGNES	74.6	42.3
ST GERMAIN LES VERGNES	VALLEE DE L'AUBE	75.7	43.1
VALLEE DE L'AUBE	ST GERMAIN LES VERGNES	75.7	43.1
ST GERMAIN LES VERGNES	SOMMESOUS	77.6	44.2
SOMMESOUS	ST GERMAIN LES VERGNES	77.6	44.2
ST GERMAIN LES VERGNES	MONT CHOISY	79.5	45.5
MONT CHOISY	ST GERMAIN LES VERGNES	79.5	45.5
ST GERMAIN LES VERGNES	ST GIBRIEN	80.3	45.9
ST GIBRIEN	ST GERMAIN LES VERGNES	80.3	45.9
ST GERMAIN LES VERGNES	REIMS EST (TAISSY)	84.8	48.1
REIMS EST (TAISSY)	ST GERMAIN LES VERGNES	84.8	48.1
ST GERMAIN LES VERGNES	CHALONS / LA VEUVE (REIMS)	81.5	46.5
CHALONS / LA VEUVE (REIMS)	ST GERMAIN LES VERGNES	81.5	46.5
ST GERMAIN LES VERGNES	CHALONS / LA VEUVE (METZ)	81.5	46.8
CHALONS / LA VEUVE (METZ)	ST GERMAIN LES VERGNES	81.5	46.8
ST GERMAIN LES VERGNES	ST ETIENNE AU TEMPLE	81.5	46.8
ST ETIENNE AU TEMPLE	ST GERMAIN LES VERGNES	81.5	46.8
ST GERMAIN LES VERGNES	ST MENEHOULD	83.5	48.3
ST MENEHOULD	ST GERMAIN LES VERGNES	83.5	48.3
ST GERMAIN LES VERGNES	VOIE SACREE	87.0	50.1
VOIE SACREE	ST GERMAIN LES VERGNES	87.0	50.1
ST GERMAIN LES VERGNES	VERDUN	89.4	51.5
VERDUN	ST GERMAIN LES VERGNES	89.4	51.5
ST GERMAIN LES VERGNES	FRESNES EN WOEVRE	89.4	51.5
FRESNES EN WOEVRE	ST GERMAIN LES VERGNES	89.4	51.5
ST GERMAIN LES VERGNES	JARNY	90.9	52.5
JARNY	ST GERMAIN LES VERGNES	90.9	52.5
ST GERMAIN LES VERGNES	METZ BEAUMONT	94.1	53.8
METZ BEAUMONT	ST GERMAIN LES VERGNES	94.1	53.8
ST GERMAIN LES VERGNES	CLERMONT EN ARGONNE	85.2	49.1
CLERMONT EN ARGONNE	ST GERMAIN LES VERGNES	85.2	49.1
ST GERMAIN LES VERGNES	VATRY	78.2	44.3
VATRY	ST GERMAIN LES VERGNES	78.2	44.3
TULLE NORD	MONTREUIL AUX LIONS	92.0	52.1
MONTREUIL AUX LIONS	TULLE NORD	92.0	52.1
TULLE NORD	REIMS NORD (ORMES)	83.9	47.1
REIMS NORD (ORMES)	TULLE NORD	83.9	47.1
TULLE NORD	REIMS OUEST (THILLOIS)	84.5	47.6
REIMS OUEST (THILLOIS)	TULLE NORD	84.5	47.6
TULLE NORD	VALLEE DE L'AUBE	73.8	41.7
VALLEE DE L'AUBE	TULLE NORD	73.8	41.7
TULLE NORD	CHALONS / LA VEUVE (REIMS)	79.6	45.1
CHALONS / LA VEUVE (REIMS)	TULLE NORD	79.6	45.1
TULLE NORD	CHALONS / LA VEUVE (METZ)	79.6	45.4
CHALONS / LA VEUVE (METZ)	TULLE NORD	79.6	45.4
TULLE EST	MONTREUIL AUX LIONS	91.4	51.7
MONTREUIL AUX LIONS	TULLE EST	91.4	51.7
TULLE EST	REIMS NORD (ORMES)	83.3	46.7
REIMS NORD (ORMES)	TULLE EST	83.3	46.7
TULLE EST	REIMS OUEST (THILLOIS)	83.9	47.2
REIMS OUEST (THILLOIS)	TULLE EST	83.9	47.2
TULLE EST	VALLEE DE L'AUBE	73.2	41.3
VALLEE DE L'AUBE	TULLE EST	73.2	41.3
TULLE EST	CHALONS / LA VEUVE (REIMS)	79.0	44.7
CHALONS / LA VEUVE (REIMS)	TULLE EST	79.0	44.7
TULLE EST	CHALONS / LA VEUVE (METZ)	79.0	45.0
CHALONS / LA VEUVE (METZ)	TULLE EST	79.0	45.0
EGLETONS	MONTREUIL AUX LIONS	89.2	50.5
MONTREUIL AUX LIONS	EGLETONS	89.2	50.5
EGLETONS	REIMS NORD (ORMES)	81.1	45.5
REIMS NORD (ORMES)	EGLETONS	81.1	45.5
EGLETONS	REIMS OUEST (THILLOIS)	81.7	46.0
REIMS OUEST (THILLOIS)	EGLETONS	81.7	46.0
EGLETONS	VALLEE DE L'AUBE	71.0	40.1
VALLEE DE L'AUBE	EGLETONS	71.0	40.1
EGLETONS	CHALONS / LA VEUVE (REIMS)	76.8	43.5
CHALONS / LA VEUVE (REIMS)	EGLETONS	76.8	43.5
EGLETONS	CHALONS / LA VEUVE (METZ)	76.8	43.8
CHALONS / LA VEUVE (METZ)	EGLETONS	76.8	43.8
USSEL OUEST	MONTREUIL AUX LIONS	86.5	48.8
MONTREUIL AUX LIONS	USSEL OUEST	86.5	48.8
USSEL OUEST	REIMS NORD (ORMES)	78.4	43.8
REIMS NORD (ORMES)	USSEL OUEST	78.4	43.8
USSEL OUEST	REIMS OUEST (THILLOIS)	79.0	44.3
REIMS OUEST (THILLOIS)	USSEL OUEST	79.0	44.3
USSEL OUEST	VALLEE DE L'AUBE	68.3	38.4
VALLEE DE L'AUBE	USSEL OUEST	68.3	38.4
USSEL OUEST	CHALONS / LA VEUVE (REIMS)	74.1	41.8
CHALONS / LA VEUVE (REIMS)	USSEL OUEST	74.1	41.8
USSEL OUEST	CHALONS / LA VEUVE (METZ)	74.1	42.1
CHALONS / LA VEUVE (METZ)	USSEL OUEST	74.1	42.1
USSEL EST	MONTREUIL AUX LIONS	84.5	47.7
MONTREUIL AUX LIONS	USSEL EST	84.5	47.7
USSEL EST	REIMS NORD (ORMES)	76.4	42.7
REIMS NORD (ORMES)	USSEL EST	76.4	42.7
USSEL EST	REIMS OUEST (THILLOIS)	77.0	43.2
REIMS OUEST (THILLOIS)	USSEL EST	77.0	43.2
USSEL EST	VALLEE DE L'AUBE	66.3	37.3
VALLEE DE L'AUBE	USSEL EST	66.3	37.3
USSEL EST	CHALONS / LA VEUVE (REIMS)	72.1	40.7
CHALONS / LA VEUVE (REIMS)	USSEL EST	72.1	40.7
USSEL EST	CHALONS / LA VEUVE (METZ)	72.1	41.0
CHALONS / LA VEUVE (METZ)	USSEL EST	72.1	41.0
ST JULIEN SANCY	MONTREUIL AUX LIONS	81.9	46.4
MONTREUIL AUX LIONS	ST JULIEN SANCY	81.9	46.4
ST JULIEN SANCY	REIMS NORD (ORMES)	73.8	41.4
REIMS NORD (ORMES)	ST JULIEN SANCY	73.8	41.4
ST JULIEN SANCY	REIMS OUEST (THILLOIS)	74.4	41.9
REIMS OUEST (THILLOIS)	ST JULIEN SANCY	74.4	41.9
ST JULIEN SANCY	VALLEE DE L'AUBE	63.7	36.0
VALLEE DE L'AUBE	ST JULIEN SANCY	63.7	36.0
ST JULIEN SANCY	CHALONS / LA VEUVE (REIMS)	69.5	39.4
CHALONS / LA VEUVE (REIMS)	ST JULIEN SANCY	69.5	39.4
ST JULIEN SANCY	CHALONS / LA VEUVE (METZ)	69.5	39.7
CHALONS / LA VEUVE (METZ)	ST JULIEN SANCY	69.5	39.7
VULCANIA BROMONT	MONTREUIL AUX LIONS	79.7	44.9
MONTREUIL AUX LIONS	VULCANIA BROMONT	79.7	44.9
VULCANIA BROMONT	REIMS NORD (ORMES)	71.6	39.9
REIMS NORD (ORMES)	VULCANIA BROMONT	71.6	39.9
VULCANIA BROMONT	REIMS OUEST (THILLOIS)	72.2	40.4
REIMS OUEST (THILLOIS)	VULCANIA BROMONT	72.2	40.4
VULCANIA BROMONT	VALLEE DE L'AUBE	61.5	34.5
VALLEE DE L'AUBE	VULCANIA BROMONT	61.5	34.5
VULCANIA BROMONT	CHALONS / LA VEUVE (REIMS)	67.3	37.9
CHALONS / LA VEUVE (REIMS)	VULCANIA BROMONT	67.3	37.9
VULCANIA BROMONT	CHALONS / LA VEUVE (METZ)	67.3	38.2
CHALONS / LA VEUVE (METZ)	VULCANIA BROMONT	67.3	38.2
MANZAT	MONTREUIL AUX LIONS	77.6	43.7
MONTREUIL AUX LIONS	MANZAT	77.6	43.7
MANZAT	REIMS NORD (ORMES)	69.5	38.7
REIMS NORD (ORMES)	MANZAT	69.5	38.7
MANZAT	REIMS OUEST (THILLOIS)	70.1	39.2
REIMS OUEST (THILLOIS)	MANZAT	70.1	39.2
MANZAT	VALLEE DE L'AUBE	59.4	33.3
VALLEE DE L'AUBE	MANZAT	59.4	33.3
MANZAT	CHALONS / LA VEUVE (REIMS)	65.2	36.7
CHALONS / LA VEUVE (REIMS)	MANZAT	65.2	36.7
MANZAT	CHALONS / LA VEUVE (METZ)	65.2	37.0
CHALONS / LA VEUVE (METZ)	MANZAT	65.2	37.0
ALLAINES	REIMS NORD (ORMES)	43.3	23.2
REIMS NORD (ORMES)	ALLAINES	43.3	23.2
ALLAINES	REIMS OUEST (THILLOIS)	43.9	23.7
REIMS OUEST (THILLOIS)	ALLAINES	43.9	23.7
ALLAINES	REIMS SUD	42.1	22.7
REIMS SUD	ALLAINES	42.1	22.7
ALLAINES	CHARMONT-S/BARBUISE	32.1	17.0
CHARMONT-S/BARBUISE	ALLAINES	32.1	17.0
ALLAINES	VALLEE DE L'AUBE	33.2	17.8
VALLEE DE L'AUBE	ALLAINES	33.2	17.8
ALLAINES	SOMMESOUS	35.1	18.9
SOMMESOUS	ALLAINES	35.1	18.9
ALLAINES	MONT CHOISY	37.0	20.2
MONT CHOISY	ALLAINES	37.0	20.2
ALLAINES	ST GIBRIEN	37.8	20.6
ST GIBRIEN	ALLAINES	37.8	20.6
ALLAINES	VATRY	35.7	19.0
VATRY	ALLAINES	35.7	19.0
ARTENAY	REIMS NORD (ORMES)	42.3	22.4
REIMS NORD (ORMES)	ARTENAY	42.3	22.4
ARTENAY	REIMS OUEST (THILLOIS)	42.9	22.9
REIMS OUEST (THILLOIS)	ARTENAY	42.9	22.9
ARTENAY	CHARMONT-S/BARBUISE	31.1	16.2
CHARMONT-S/BARBUISE	ARTENAY	31.1	16.2
ARTENAY	VALLEE DE L'AUBE	32.2	17.0
VALLEE DE L'AUBE	ARTENAY	32.2	17.0
ARTENAY	SOMMESOUS	34.1	18.1
SOMMESOUS	ARTENAY	34.1	18.1
ARTENAY	MONT CHOISY	36.0	19.4
MONT CHOISY	ARTENAY	36.0	19.4
ARTENAY	ST GIBRIEN	36.8	19.8
ST GIBRIEN	ARTENAY	36.8	19.8
ARTENAY	VATRY	34.7	18.2
VATRY	ARTENAY	34.7	18.2
MONTREUIL AUX LIONS	CHATEAU-THIERRY	4.2	2.5
CHATEAU-THIERRY	MONTREUIL AUX LIONS	4.2	2.5
MONTREUIL AUX LIONS	DORMANS	6.4	4.1
DORMANS	MONTREUIL AUX LIONS	6.4	4.1
MONTREUIL AUX LIONS	REIMS OUEST (THILLOIS)	9.0	5.6
REIMS OUEST (THILLOIS)	MONTREUIL AUX LIONS	9.0	5.6
MONTREUIL AUX LIONS	REIMS SUD	8.6	5.6
REIMS SUD	MONTREUIL AUX LIONS	8.6	5.6
MONTREUIL AUX LIONS	CHALONS / LA VEUVE (REIMS)	12.2	7.6
CHALONS / LA VEUVE (REIMS)	MONTREUIL AUX LIONS	12.2	7.6
MONTREUIL AUX LIONS	CHALONS / LA VEUVE (METZ)	12.5	7.8
CHALONS / LA VEUVE (METZ)	MONTREUIL AUX LIONS	12.5	7.8
MONTREUIL AUX LIONS	ST ETIENNE AU TEMPLE	12.5	7.8
ST ETIENNE AU TEMPLE	MONTREUIL AUX LIONS	12.5	7.8
MONTREUIL AUX LIONS	ST MENEHOULD	14.7	9.5
ST MENEHOULD	MONTREUIL AUX LIONS	14.7	9.5
MONTREUIL AUX LIONS	VOIE SACREE	17.9	11.0
VOIE SACREE	MONTREUIL AUX LIONS	17.9	11.0
MONTREUIL AUX LIONS	VERDUN	19.9	11.9
VERDUN	MONTREUIL AUX LIONS	19.9	11.9
MONTREUIL AUX LIONS	FRESNES EN WOEVRE	19.9	11.9
FRESNES EN WOEVRE	MONTREUIL AUX LIONS	19.9	11.9
MONTREUIL AUX LIONS	JARNY	21.5	13.1
JARNY	MONTREUIL AUX LIONS	21.5	13.1
MONTREUIL AUX LIONS	CLERMONT EN ARGONNE	16.3	10.4
CLERMONT EN ARGONNE	MONTREUIL AUX LIONS	16.3	10.4
MONTREUIL (REIMS)	CHATEAU-THIERRY	1.9	1.0
CHATEAU-THIERRY	MONTREUIL (REIMS)	1.9	1.0
MONTREUIL (REIMS)	DORMANS	4.2	2.6
DORMANS	MONTREUIL (REIMS)	4.2	2.6
MONTREUIL (REIMS)	REIMS OUEST (THILLOIS)	6.5	4.1
REIMS OUEST (THILLOIS)	MONTREUIL (REIMS)	6.5	4.1
MONTREUIL (REIMS)	REIMS SUD	6.3	4.1
REIMS SUD	MONTREUIL (REIMS)	6.3	4.1
MONTREUIL (REIMS)	CHALONS / LA VEUVE (REIMS)	9.8	6.0
CHALONS / LA VEUVE (REIMS)	MONTREUIL (REIMS)	9.8	6.0
MONTREUIL (REIMS)	CHALONS / LA VEUVE (METZ)	10.3	6.0
CHALONS / LA VEUVE (METZ)	MONTREUIL (REIMS)	10.3	6.0
MONTREUIL (REIMS)	ST ETIENNE AU TEMPLE	10.3	6.0
ST ETIENNE AU TEMPLE	MONTREUIL (REIMS)	10.3	6.0
MONTREUIL (REIMS)	ST MENEHOULD	12.6	7.9
ST MENEHOULD	MONTREUIL (REIMS)	12.6	7.9
MONTREUIL (REIMS)	VOIE SACREE	15.6	9.4
VOIE SACREE	MONTREUIL (REIMS)	15.6	9.4
MONTREUIL (REIMS)	VERDUN	18.0	10.5
VERDUN	MONTREUIL (REIMS)	18.0	10.5
MONTREUIL (REIMS)	FRESNES EN WOEVRE	18.0	10.5
FRESNES EN WOEVRE	MONTREUIL (REIMS)	18.0	10.5
MONTREUIL (REIMS)	JARNY	19.1	11.6
JARNY	MONTREUIL (REIMS)	19.1	11.6
MONTREUIL (REIMS)	CLERMONT EN ARGONNE	14.1	8.2
CLERMONT EN ARGONNE	MONTREUIL (REIMS)	14.1	8.2
CHATEAU-THIERRY	MONTREUIL AUX LIONS	4.2	2.5
MONTREUIL AUX LIONS	CHATEAU-THIERRY	4.2	2.5
CHATEAU-THIERRY	MONTREUIL (REIMS)	1.9	1.0
MONTREUIL (REIMS)	CHATEAU-THIERRY	1.9	1.0
CHATEAU-THIERRY	DORMANS	2.1	1.4
DORMANS	CHATEAU-THIERRY	2.1	1.4
CHATEAU-THIERRY	REIMS OUEST (THILLOIS)	4.5	2.8
REIMS OUEST (THILLOIS)	CHATEAU-THIERRY	4.5	2.8
CHATEAU-THIERRY	REIMS SUD	4.2	2.8
REIMS SUD	CHATEAU-THIERRY	4.2	2.8
CHATEAU-THIERRY	CHALONS / LA VEUVE (REIMS)	7.8	4.8
CHALONS / LA VEUVE (REIMS)	CHATEAU-THIERRY	7.8	4.8
CHATEAU-THIERRY	CHALONS / LA VEUVE (METZ)	8.3	5.1
CHALONS / LA VEUVE (METZ)	CHATEAU-THIERRY	8.3	5.1
CHATEAU-THIERRY	ST ETIENNE AU TEMPLE	8.3	5.1
ST ETIENNE AU TEMPLE	CHATEAU-THIERRY	8.3	5.1
CHATEAU-THIERRY	ST MENEHOULD	10.4	6.7
ST MENEHOULD	CHATEAU-THIERRY	10.4	6.7
CHATEAU-THIERRY	VOIE SACREE	13.4	8.2
VOIE SACREE	CHATEAU-THIERRY	13.4	8.2
CHATEAU-THIERRY	VERDUN	15.7	9.2
VERDUN	CHATEAU-THIERRY	15.7	9.2
CHATEAU-THIERRY	FRESNES EN WOEVRE	15.7	9.2
FRESNES EN WOEVRE	CHATEAU-THIERRY	15.7	9.2
CHATEAU-THIERRY	JARNY	17.3	10.7
JARNY	CHATEAU-THIERRY	17.3	10.7
CHATEAU-THIERRY	CLERMONT EN ARGONNE	12.2	7.5
CLERMONT EN ARGONNE	CHATEAU-THIERRY	12.2	7.5
DORMANS	MONTREUIL AUX LIONS	6.4	4.1
MONTREUIL AUX LIONS	DORMANS	6.4	4.1
DORMANS	MONTREUIL (REIMS)	4.2	2.6
MONTREUIL (REIMS)	DORMANS	4.2	2.6
DORMANS	CHATEAU-THIERRY	2.1	1.4
CHATEAU-THIERRY	DORMANS	2.1	1.4
DORMANS	REIMS OUEST (THILLOIS)	2.2	1.4
REIMS OUEST (THILLOIS)	DORMANS	2.2	1.4
DORMANS	REIMS SUD	2.1	1.4
REIMS SUD	DORMANS	2.1	1.4
DORMANS	CHALONS / LA VEUVE (REIMS)	5.4	3.5
CHALONS / LA VEUVE (REIMS)	DORMANS	5.4	3.5
DORMANS	CHALONS / LA VEUVE (METZ)	5.9	3.7
CHALONS / LA VEUVE (METZ)	DORMANS	5.9	3.7
DORMANS	ST ETIENNE AU TEMPLE	5.9	3.7
ST ETIENNE AU TEMPLE	DORMANS	5.9	3.7
DORMANS	ST MENEHOULD	8.2	5.2
ST MENEHOULD	DORMANS	8.2	5.2
DORMANS	VOIE SACREE	10.9	6.7
VOIE SACREE	DORMANS	10.9	6.7
DORMANS	VERDUN	13.0	7.6
VERDUN	DORMANS	13.0	7.6
DORMANS	FRESNES EN WOEVRE	13.0	7.6
FRESNES EN WOEVRE	DORMANS	13.0	7.6
DORMANS	JARNY	14.7	8.6
JARNY	DORMANS	14.7	8.6
DORMANS	CLERMONT EN ARGONNE	9.7	5.9
CLERMONT EN ARGONNE	DORMANS	9.7	5.9
REIMS NORD (ORMES)	MONTREUIL AUX LIONS	9.0	5.6
MONTREUIL AUX LIONS	REIMS NORD (ORMES)	9.0	5.6
REIMS NORD (ORMES)	MONTREUIL (REIMS)	6.5	4.1
MONTREUIL (REIMS)	REIMS NORD (ORMES)	6.5	4.1
REIMS NORD (ORMES)	CHATEAU-THIERRY	4.4	2.8
CHATEAU-THIERRY	REIMS NORD (ORMES)	4.4	2.8
REIMS NORD (ORMES)	DORMANS	2.1	1.4
DORMANS	REIMS NORD (ORMES)	2.1	1.4
REIMS NORD (ORMES)	REIMS OUEST (THILLOIS)	0.0	0.0
REIMS OUEST (THILLOIS)	REIMS NORD (ORMES)	0.0	0.0
REIMS NORD (ORMES)	REIMS SUD	0.4	0.3
REIMS SUD	REIMS NORD (ORMES)	0.4	0.3
REIMS NORD (ORMES)	CHARMONT-S/BARBUISE	11.2	6.2
CHARMONT-S/BARBUISE	REIMS NORD (ORMES)	11.2	6.2
REIMS NORD (ORMES)	VALLEE DE L'AUBE	8.6	5.2
VALLEE DE L'AUBE	REIMS NORD (ORMES)	8.6	5.2
REIMS NORD (ORMES)	SOMMESOUS	6.6	4.1
SOMMESOUS	REIMS NORD (ORMES)	6.6	4.1
REIMS NORD (ORMES)	MONT CHOISY	4.9	2.9
MONT CHOISY	REIMS NORD (ORMES)	4.9	2.9
REIMS NORD (ORMES)	ST GIBRIEN	4.5	2.6
ST GIBRIEN	REIMS NORD (ORMES)	4.5	2.6
REIMS NORD (ORMES)	CHALONS / LA VEUVE (REIMS)	3.7	2.2
CHALONS / LA VEUVE (REIMS)	REIMS NORD (ORMES)	3.7	2.2
REIMS NORD (ORMES)	CHALONS / LA VEUVE (METZ)	4.2	2.5
CHALONS / LA VEUVE (METZ)	REIMS NORD (ORMES)	4.2	2.5
REIMS NORD (ORMES)	ST ETIENNE AU TEMPLE	4.2	2.5
ST ETIENNE AU TEMPLE	REIMS NORD (ORMES)	4.2	2.5
REIMS NORD (ORMES)	ST MENEHOULD	6.3	4.2
ST MENEHOULD	REIMS NORD (ORMES)	6.3	4.2
REIMS NORD (ORMES)	VOIE SACREE	9.4	5.6
VOIE SACREE	REIMS NORD (ORMES)	9.4	5.6
REIMS NORD (ORMES)	VERDUN	11.6	6.6
VERDUN	REIMS NORD (ORMES)	11.6	6.6
REIMS NORD (ORMES)	FRESNES EN WOEVRE	11.6	6.6
FRESNES EN WOEVRE	REIMS NORD (ORMES)	11.6	6.6
REIMS NORD (ORMES)	JARNY	13.0	7.9
JARNY	REIMS NORD (ORMES)	13.0	7.9
REIMS NORD (ORMES)	METZ BEAUMONT	16.1	10.1
METZ BEAUMONT	REIMS NORD (ORMES)	16.1	10.1
REIMS NORD (ORMES)	CLERMONT EN ARGONNE	8.0	4.8
CLERMONT EN ARGONNE	REIMS NORD (ORMES)	8.0	4.8
REIMS NORD (ORMES)	VATRY	5.7	3.8
VATRY	REIMS NORD (ORMES)	5.7	3.8
REIMS OUEST (THILLOIS)	MONTREUIL AUX LIONS	9.0	5.6
MONTREUIL AUX LIONS	REIMS OUEST (THILLOIS)	9.0	5.6
REIMS OUEST (THILLOIS)	MONTREUIL (REIMS)	6.5	4.1
MONTREUIL (REIMS)	REIMS OUEST (THILLOIS)	6.5	4.1
REIMS OUEST (THILLOIS)	CHATEAU-THIERRY	4.5	2.8
CHATEAU-THIERRY	REIMS OUEST (THILLOIS)	4.5	2.8
REIMS OUEST (THILLOIS)	DORMANS	2.2	1.4
DORMANS	REIMS OUEST (THILLOIS)	2.2	1.4
REIMS OUEST (THILLOIS)	REIMS SUD	0.9	0.6
REIMS SUD	REIMS OUEST (THILLOIS)	0.9	0.6
REIMS OUEST (THILLOIS)	REIMS EST (TAISSY)	2.6	1.5
REIMS EST (TAISSY)	REIMS OUEST (THILLOIS)	2.6	1.5
REIMS OUEST (THILLOIS)	CHALONS / LA VEUVE (REIMS)	4.2	2.6
CHALONS / LA VEUVE (REIMS)	REIMS OUEST (THILLOIS)	4.2	2.6
REIMS OUEST (THILLOIS)	CHALONS / LA VEUVE (METZ)	4.8	2.8
CHALONS / LA VEUVE (METZ)	REIMS OUEST (THILLOIS)	4.8	2.8
REIMS OUEST (THILLOIS)	ST ETIENNE AU TEMPLE	4.8	2.8
ST ETIENNE AU TEMPLE	REIMS OUEST (THILLOIS)	4.8	2.8
REIMS OUEST (THILLOIS)	ST MENEHOULD	7.0	4.4
ST MENEHOULD	REIMS OUEST (THILLOIS)	7.0	4.4
REIMS OUEST (THILLOIS)	VOIE SACREE	9.9	5.9
VOIE SACREE	REIMS OUEST (THILLOIS)	9.9	5.9
REIMS OUEST (THILLOIS)	VERDUN	12.2	6.9
VERDUN	REIMS OUEST (THILLOIS)	12.2	6.9
REIMS OUEST (THILLOIS)	FRESNES EN WOEVRE	12.2	6.9
FRESNES EN WOEVRE	REIMS OUEST (THILLOIS)	12.2	6.9
REIMS OUEST (THILLOIS)	JARNY	13.4	8.3
JARNY	REIMS OUEST (THILLOIS)	13.4	8.3
REIMS OUEST (THILLOIS)	CLERMONT EN ARGONNE	8.6	5.2
CLERMONT EN ARGONNE	REIMS OUEST (THILLOIS)	8.6	5.2
REIMS SUD	MONTREUIL AUX LIONS	8.6	5.6
MONTREUIL AUX LIONS	REIMS SUD	8.6	5.6
REIMS SUD	MONTREUIL (REIMS)	6.3	4.1
MONTREUIL (REIMS)	REIMS SUD	6.3	4.1
REIMS SUD	CHATEAU-THIERRY	4.2	2.8
CHATEAU-THIERRY	REIMS SUD	4.2	2.8
REIMS SUD	DORMANS	2.1	1.4
DORMANS	REIMS SUD	2.1	1.4
REIMS SUD	REIMS OUEST (THILLOIS)	0.9	0.6
REIMS OUEST (THILLOIS)	REIMS SUD	0.9	0.6
REIMS SUD	CHALONS / LA VEUVE (REIMS)	2.5	1.6
CHALONS / LA VEUVE (REIMS)	REIMS SUD	2.5	1.6
REIMS SUD	CHALONS / LA VEUVE (METZ)	3.0	1.9
CHALONS / LA VEUVE (METZ)	REIMS SUD	3.0	1.9
REIMS SUD	ST ETIENNE AU TEMPLE	3.0	1.9
ST ETIENNE AU TEMPLE	REIMS SUD	3.0	1.9
REIMS SUD	ST MENEHOULD	5.1	3.6
ST MENEHOULD	REIMS SUD	5.1	3.6
REIMS SUD	VOIE SACREE	8.2	4.8
VOIE SACREE	REIMS SUD	8.2	4.8
REIMS SUD	VERDUN	10.3	6.0
VERDUN	REIMS SUD	10.3	6.0
REIMS SUD	FRESNES EN WOEVRE	10.3	6.0
FRESNES EN WOEVRE	REIMS SUD	10.3	6.0
REIMS SUD	JARNY	11.8	7.3
JARNY	REIMS SUD	11.8	7.3
REIMS SUD	CLERMONT EN ARGONNE	6.6	4.2
CLERMONT EN ARGONNE	REIMS SUD	6.6	4.2
CHARMONT-S/BARBUISE	REIMS OUEST (THILLOIS)	11.8	6.7
REIMS OUEST (THILLOIS)	CHARMONT-S/BARBUISE	11.8	6.7
VALLEE DE L'AUBE	REIMS OUEST (THILLOIS)	9.0	5.5
REIMS OUEST (THILLOIS)	VALLEE DE L'AUBE	9.0	5.5
VALLEE DE L'AUBE	METZ BEAUMONT	16.2	9.8
METZ BEAUMONT	VALLEE DE L'AUBE	16.2	9.8
SOMMESOUS	MONTREUIL AUX LIONS	13.9	9.0
MONTREUIL AUX LIONS	SOMMESOUS	13.9	9.0
SOMMESOUS	REIMS NORD (ORMES)	6.6	4.1
REIMS NORD (ORMES)	SOMMESOUS	6.6	4.1
SOMMESOUS	REIMS OUEST (THILLOIS)	7.0	4.3
REIMS OUEST (THILLOIS)	SOMMESOUS	7.0	4.3
SOMMESOUS	VALLEE DE L'AUBE	1.8	1.0
VALLEE DE L'AUBE	SOMMESOUS	1.8	1.0
SOMMESOUS	CHALONS / LA VEUVE (REIMS)	3.1	2.1
CHALONS / LA VEUVE (REIMS)	SOMMESOUS	3.1	2.1
SOMMESOUS	CHALONS / LA VEUVE (METZ)	3.7	2.5
CHALONS / LA VEUVE (METZ)	SOMMESOUS	3.7	2.5
SOMMESOUS	METZ BEAUMONT	15.4	9.6
METZ BEAUMONT	SOMMESOUS	15.4	9.6
MONT CHOISY	MONTREUIL AUX LIONS	12.5	7.8
MONTREUIL AUX LIONS	MONT CHOISY	12.5	7.8
MONT CHOISY	REIMS NORD (ORMES)	4.9	2.9
REIMS NORD (ORMES)	MONT CHOISY	4.9	2.9
MONT CHOISY	REIMS OUEST (THILLOIS)	5.4	3.4
REIMS OUEST (THILLOIS)	MONT CHOISY	5.4	3.4
MONT CHOISY	VALLEE DE L'AUBE	3.6	2.1
VALLEE DE L'AUBE	MONT CHOISY	3.6	2.1
MONT CHOISY	CHALONS / LA VEUVE (REIMS)	1.4	0.8
CHALONS / LA VEUVE (REIMS)	MONT CHOISY	1.4	0.8
MONT CHOISY	CHALONS / LA VEUVE (METZ)	2.1	1.3
CHALONS / LA VEUVE (METZ)	MONT CHOISY	2.1	1.3
MONT CHOISY	METZ BEAUMONT	13.4	8.0
METZ BEAUMONT	MONT CHOISY	13.4	8.0
ST GIBRIEN	MONTREUIL AUX LIONS	12.1	7.5
MONTREUIL AUX LIONS	ST GIBRIEN	12.1	7.5
ST GIBRIEN	REIMS NORD (ORMES)	4.5	2.6
REIMS NORD (ORMES)	ST GIBRIEN	4.5	2.6
ST GIBRIEN	REIMS OUEST (THILLOIS)	4.9	2.9
REIMS OUEST (THILLOIS)	ST GIBRIEN	4.9	2.9
ST GIBRIEN	VALLEE DE L'AUBE	4.2	2.6
VALLEE DE L'AUBE	ST GIBRIEN	4.2	2.6
ST GIBRIEN	CHALONS / LA VEUVE (REIMS)	1.1	0.5
CHALONS / LA VEUVE (REIMS)	ST GIBRIEN	1.1	0.5
ST GIBRIEN	CHALONS / LA VEUVE (METZ)	1.6	1.0
CHALONS / LA VEUVE (METZ)	ST GIBRIEN	1.6	1.0
ST GIBRIEN	METZ BEAUMONT	12.7	7.9
METZ BEAUMONT	ST GIBRIEN	12.7	7.9
REIMS EST (TAISSY)	METZ BEAUMONT	14.7	9.3
METZ BEAUMONT	REIMS EST (TAISSY)	14.7	9.3
CHALONS / LA VEUVE (REIMS)	MONTREUIL AUX LIONS	12.2	7.6
MONTREUIL AUX LIONS	CHALONS / LA VEUVE (REIMS)	12.2	7.6
CHALONS / LA VEUVE (REIMS)	MONTREUIL (REIMS)	9.8	6.0
MONTREUIL (REIMS)	CHALONS / LA VEUVE (REIMS)	9.8	6.0
CHALONS / LA VEUVE (REIMS)	CHATEAU-THIERRY	7.8	4.8
CHATEAU-THIERRY	CHALONS / LA VEUVE (REIMS)	7.8	4.8
CHALONS / LA VEUVE (REIMS)	DORMANS	5.4	3.5
DORMANS	CHALONS / LA VEUVE (REIMS)	5.4	3.5
CHALONS / LA VEUVE (REIMS)	REIMS OUEST (THILLOIS)	4.2	2.6
REIMS OUEST (THILLOIS)	CHALONS / LA VEUVE (REIMS)	4.2	2.6
CHALONS / LA VEUVE (REIMS)	REIMS SUD	2.5	1.6
REIMS SUD	CHALONS / LA VEUVE (REIMS)	2.5	1.6
CHALONS / LA VEUVE (REIMS)	CHALONS / LA VEUVE (METZ)	0.0	0.0
CHALONS / LA VEUVE (METZ)	CHALONS / LA VEUVE (REIMS)	0.0	0.0
CHALONS / LA VEUVE (REIMS)	ST ETIENNE AU TEMPLE	0.8	0.5
ST ETIENNE AU TEMPLE	CHALONS / LA VEUVE (REIMS)	0.8	0.5
CHALONS / LA VEUVE (REIMS)	ST MENEHOULD	2.4	1.7
ST MENEHOULD	CHALONS / LA VEUVE (REIMS)	2.4	1.7
CHALONS / LA VEUVE (REIMS)	VOIE SACREE	4.9	2.8
VOIE SACREE	CHALONS / LA VEUVE (REIMS)	4.9	2.8
CHALONS / LA VEUVE (REIMS)	VERDUN	6.8	4.2
VERDUN	CHALONS / LA VEUVE (REIMS)	6.8	4.2
CHALONS / LA VEUVE (REIMS)	FRESNES EN WOEVRE	6.8	4.2
FRESNES EN WOEVRE	CHALONS / LA VEUVE (REIMS)	6.8	4.2
CHALONS / LA VEUVE (REIMS)	JARNY	8.7	5.3
JARNY	CHALONS / LA VEUVE (REIMS)	8.7	5.3
CHALONS / LA VEUVE (REIMS)	CLERMONT EN ARGONNE	3.8	2.3
CLERMONT EN ARGONNE	CHALONS / LA VEUVE (REIMS)	3.8	2.3
CHALONS / LA VEUVE (METZ)	MONTREUIL AUX LIONS	12.5	7.8
MONTREUIL AUX LIONS	CHALONS / LA VEUVE (METZ)	12.5	7.8
CHALONS / LA VEUVE (METZ)	MONTREUIL (REIMS)	10.3	6.0
MONTREUIL (REIMS)	CHALONS / LA VEUVE (METZ)	10.3	6.0
CHALONS / LA VEUVE (METZ)	CHATEAU-THIERRY	8.3	5.1
CHATEAU-THIERRY	CHALONS / LA VEUVE (METZ)	8.3	5.1
CHALONS / LA VEUVE (METZ)	DORMANS	5.9	3.7
DORMANS	CHALONS / LA VEUVE (METZ)	5.9	3.7
CHALONS / LA VEUVE (METZ)	REIMS OUEST (THILLOIS)	4.8	2.8
REIMS OUEST (THILLOIS)	CHALONS / LA VEUVE (METZ)	4.8	2.8
CHALONS / LA VEUVE (METZ)	REIMS SUD	3.0	1.9
REIMS SUD	CHALONS / LA VEUVE (METZ)	3.0	1.9
CHALONS / LA VEUVE (METZ)	CHALONS / LA VEUVE (REIMS)	0.0	0.0
CHALONS / LA VEUVE (REIMS)	CHALONS / LA VEUVE (METZ)	0.0	0.0
CHALONS / LA VEUVE (METZ)	ST ETIENNE AU TEMPLE	0.8	0.5
ST ETIENNE AU TEMPLE	CHALONS / LA VEUVE (METZ)	0.8	0.5
CHALONS / LA VEUVE (METZ)	ST MENEHOULD	2.4	1.7
ST MENEHOULD	CHALONS / LA VEUVE (METZ)	2.4	1.7
CHALONS / LA VEUVE (METZ)	VOIE SACREE	4.9	2.8
VOIE SACREE	CHALONS / LA VEUVE (METZ)	4.9	2.8
CHALONS / LA VEUVE (METZ)	VERDUN	6.8	4.2
VERDUN	CHALONS / LA VEUVE (METZ)	6.8	4.2
CHALONS / LA VEUVE (METZ)	FRESNES EN WOEVRE	6.8	4.2
FRESNES EN WOEVRE	CHALONS / LA VEUVE (METZ)	6.8	4.2
CHALONS / LA VEUVE (METZ)	JARNY	8.7	5.3
JARNY	CHALONS / LA VEUVE (METZ)	8.7	5.3
CHALONS / LA VEUVE (METZ)	CLERMONT EN ARGONNE	3.8	2.3
CLERMONT EN ARGONNE	CHALONS / LA VEUVE (METZ)	3.8	2.3
ST ETIENNE AU TEMPLE	MONTREUIL AUX LIONS	12.5	7.8
MONTREUIL AUX LIONS	ST ETIENNE AU TEMPLE	12.5	7.8
ST ETIENNE AU TEMPLE	MONTREUIL (REIMS)	10.3	6.0
MONTREUIL (REIMS)	ST ETIENNE AU TEMPLE	10.3	6.0
ST ETIENNE AU TEMPLE	CHATEAU-THIERRY	8.3	5.1
CHATEAU-THIERRY	ST ETIENNE AU TEMPLE	8.3	5.1
ST ETIENNE AU TEMPLE	DORMANS	5.9	3.7
DORMANS	ST ETIENNE AU TEMPLE	5.9	3.7
ST ETIENNE AU TEMPLE	REIMS OUEST (THILLOIS)	4.8	2.8
REIMS OUEST (THILLOIS)	ST ETIENNE AU TEMPLE	4.8	2.8
ST ETIENNE AU TEMPLE	REIMS SUD	3.0	1.9
REIMS SUD	ST ETIENNE AU TEMPLE	3.0	1.9
ST ETIENNE AU TEMPLE	CHALONS / LA VEUVE (REIMS)	0.8	0.5
CHALONS / LA VEUVE (REIMS)	ST ETIENNE AU TEMPLE	0.8	0.5
ST ETIENNE AU TEMPLE	CHALONS / LA VEUVE (METZ)	0.8	0.5
CHALONS / LA VEUVE (METZ)	ST ETIENNE AU TEMPLE	0.8	0.5
ST ETIENNE AU TEMPLE	ST MENEHOULD	2.0	1.3
ST MENEHOULD	ST ETIENNE AU TEMPLE	2.0	1.3
ST ETIENNE AU TEMPLE	VOIE SACREE	4.4	2.6
VOIE SACREE	ST ETIENNE AU TEMPLE	4.4	2.6
ST ETIENNE AU TEMPLE	VERDUN	6.2	4.1
VERDUN	ST ETIENNE AU TEMPLE	6.2	4.1
ST ETIENNE AU TEMPLE	FRESNES EN WOEVRE	6.2	4.1
FRESNES EN WOEVRE	ST ETIENNE AU TEMPLE	6.2	4.1
ST ETIENNE AU TEMPLE	JARNY	8.0	5.0
JARNY	ST ETIENNE AU TEMPLE	8.0	5.0
ST ETIENNE AU TEMPLE	CLERMONT EN ARGONNE	3.4	2.1
CLERMONT EN ARGONNE	ST ETIENNE AU TEMPLE	3.4	2.1
ST MENEHOULD	MONTREUIL AUX LIONS	14.7	9.5
MONTREUIL AUX LIONS	ST MENEHOULD	14.7	9.5
ST MENEHOULD	MONTREUIL (REIMS)	12.6	7.9
MONTREUIL (REIMS)	ST MENEHOULD	12.6	7.9
ST MENEHOULD	CHATEAU-THIERRY	10.4	6.7
CHATEAU-THIERRY	ST MENEHOULD	10.4	6.7
ST MENEHOULD	DORMANS	8.2	5.2
DORMANS	ST MENEHOULD	8.2	5.2
ST MENEHOULD	REIMS OUEST (THILLOIS)	7.0	4.4
REIMS OUEST (THILLOIS)	ST MENEHOULD	7.0	4.4
ST MENEHOULD	REIMS SUD	5.1	3.6
REIMS SUD	ST MENEHOULD	5.1	3.6
ST MENEHOULD	CHALONS / LA VEUVE (REIMS)	2.4	1.7
CHALONS / LA VEUVE (REIMS)	ST MENEHOULD	2.4	1.7
ST MENEHOULD	CHALONS / LA VEUVE (METZ)	2.4	1.7
CHALONS / LA VEUVE (METZ)	ST MENEHOULD	2.4	1.7
ST MENEHOULD	ST ETIENNE AU TEMPLE	2.0	1.3
ST ETIENNE AU TEMPLE	ST MENEHOULD	2.0	1.3
ST MENEHOULD	VOIE SACREE	2.0	1.4
VOIE SACREE	ST MENEHOULD	2.0	1.4
ST MENEHOULD	VERDUN	4.2	2.5
VERDUN	ST MENEHOULD	4.2	2.5
ST MENEHOULD	FRESNES EN WOEVRE	4.2	2.5
FRESNES EN WOEVRE	ST MENEHOULD	4.2	2.5
ST MENEHOULD	JARNY	6.1	3.8
JARNY	ST MENEHOULD	6.1	3.8
ST MENEHOULD	CLERMONT EN ARGONNE	1.2	0.7
CLERMONT EN ARGONNE	ST MENEHOULD	1.2	0.7
VOIE SACREE	MONTREUIL AUX LIONS	17.9	11.0
MONTREUIL AUX LIONS	VOIE SACREE	17.9	11.0
VOIE SACREE	MONTREUIL (REIMS)	15.6	9.4
MONTREUIL (REIMS)	VOIE SACREE	15.6	9.4
VOIE SACREE	CHATEAU-THIERRY	13.4	8.2
CHATEAU-THIERRY	VOIE SACREE	13.4	8.2
VOIE SACREE	DORMANS	10.9	6.7
DORMANS	VOIE SACREE	10.9	6.7
VOIE SACREE	REIMS OUEST (THILLOIS)	9.9	5.9
REIMS OUEST (THILLOIS)	VOIE SACREE	9.9	5.9
VOIE SACREE	REIMS SUD	8.2	4.8
REIMS SUD	VOIE SACREE	8.2	4.8
VOIE SACREE	CHALONS / LA VEUVE (REIMS)	4.9	2.8
CHALONS / LA VEUVE (REIMS)	VOIE SACREE	4.9	2.8
VOIE SACREE	CHALONS / LA VEUVE (METZ)	4.9	2.8
CHALONS / LA VEUVE (METZ)	VOIE SACREE	4.9	2.8
VOIE SACREE	ST ETIENNE AU TEMPLE	4.4	2.6
ST ETIENNE AU TEMPLE	VOIE SACREE	4.4	2.6
VOIE SACREE	ST MENEHOULD	2.0	1.4
ST MENEHOULD	VOIE SACREE	2.0	1.4
VOIE SACREE	VERDUN	2.0	1.2
VERDUN	VOIE SACREE	2.0	1.2
VOIE SACREE	FRESNES EN WOEVRE	2.0	1.2
FRESNES EN WOEVRE	VOIE SACREE	2.0	1.2
VOIE SACREE	JARNY	3.6	2.2
JARNY	VOIE SACREE	3.6	2.2
VOIE SACREE	CLERMONT EN ARGONNE	0.9	0.5
CLERMONT EN ARGONNE	VOIE SACREE	0.9	0.5
VERDUN	MONTREUIL AUX LIONS	19.9	11.9
MONTREUIL AUX LIONS	VERDUN	19.9	11.9
VERDUN	MONTREUIL (REIMS)	18.0	10.5
MONTREUIL (REIMS)	VERDUN	18.0	10.5
VERDUN	CHATEAU-THIERRY	15.7	9.2
CHATEAU-THIERRY	VERDUN	15.7	9.2
VERDUN	DORMANS	13.0	7.6
DORMANS	VERDUN	13.0	7.6
VERDUN	REIMS OUEST (THILLOIS)	12.2	6.9
REIMS OUEST (THILLOIS)	VERDUN	12.2	6.9
VERDUN	REIMS SUD	10.3	6.0
REIMS SUD	VERDUN	10.3	6.0
VERDUN	CHALONS / LA VEUVE (REIMS)	6.8	4.2
CHALONS / LA VEUVE (REIMS)	VERDUN	6.8	4.2
VERDUN	CHALONS / LA VEUVE (METZ)	6.8	4.2
CHALONS / LA VEUVE (METZ)	VERDUN	6.8	4.2
VERDUN	ST ETIENNE AU TEMPLE	6.2	4.1
ST ETIENNE AU TEMPLE	VERDUN	6.2	4.1
VERDUN	ST MENEHOULD	4.2	2.5
ST MENEHOULD	VERDUN	4.2	2.5
VERDUN	VOIE SACREE	2.0	1.2
VOIE SACREE	VERDUN	2.0	1.2
VERDUN	FRESNES EN WOEVRE	1.3	0.7
FRESNES EN WOEVRE	VERDUN	1.3	0.7
VERDUN	JARNY	2.9	1.7
JARNY	VERDUN	2.9	1.7
VERDUN	CLERMONT EN ARGONNE	2.9	1.7
CLERMONT EN ARGONNE	VERDUN	2.9	1.7
FRESNES EN WOEVRE	MONTREUIL AUX LIONS	19.9	11.9
MONTREUIL AUX LIONS	FRESNES EN WOEVRE	19.9	11.9
FRESNES EN WOEVRE	MONTREUIL (REIMS)	18.0	10.5
MONTREUIL (REIMS)	FRESNES EN WOEVRE	18.0	10.5
FRESNES EN WOEVRE	CHATEAU-THIERRY	15.7	9.2
CHATEAU-THIERRY	FRESNES EN WOEVRE	15.7	9.2
FRESNES EN WOEVRE	DORMANS	13.0	7.6
DORMANS	FRESNES EN WOEVRE	13.0	7.6
FRESNES EN WOEVRE	REIMS OUEST (THILLOIS)	12.2	6.9
REIMS OUEST (THILLOIS)	FRESNES EN WOEVRE	12.2	6.9
FRESNES EN WOEVRE	REIMS SUD	10.3	6.0
REIMS SUD	FRESNES EN WOEVRE	10.3	6.0
FRESNES EN WOEVRE	CHALONS / LA VEUVE (REIMS)	6.8	4.2
CHALONS / LA VEUVE (REIMS)	FRESNES EN WOEVRE	6.8	4.2
FRESNES EN WOEVRE	CHALONS / LA VEUVE (METZ)	6.8	4.2
CHALONS / LA VEUVE (METZ)	FRESNES EN WOEVRE	6.8	4.2
FRESNES EN WOEVRE	ST ETIENNE AU TEMPLE	6.2	4.1
ST ETIENNE AU TEMPLE	FRESNES EN WOEVRE	6.2	4.1
FRESNES EN WOEVRE	ST MENEHOULD	4.2	2.5
ST MENEHOULD	FRESNES EN WOEVRE	4.2	2.5
FRESNES EN WOEVRE	VOIE SACREE	2.0	1.2
VOIE SACREE	FRESNES EN WOEVRE	2.0	1.2
FRESNES EN WOEVRE	VERDUN	1.3	0.7
VERDUN	FRESNES EN WOEVRE	1.3	0.7
FRESNES EN WOEVRE	JARNY	1.7	1.0
JARNY	FRESNES EN WOEVRE	1.7	1.0
FRESNES EN WOEVRE	CLERMONT EN ARGONNE	2.9	1.7
CLERMONT EN ARGONNE	FRESNES EN WOEVRE	2.9	1.7
JARNY	MONTREUIL AUX LIONS	21.5	13.1
MONTREUIL AUX LIONS	JARNY	21.5	13.1
JARNY	MONTREUIL (REIMS)	19.1	11.6
MONTREUIL (REIMS)	JARNY	19.1	11.6
JARNY	CHATEAU-THIERRY	17.3	10.7
CHATEAU-THIERRY	JARNY	17.3	10.7
JARNY	DORMANS	14.7	8.6
DORMANS	JARNY	14.7	8.6
JARNY	REIMS OUEST (THILLOIS)	13.4	8.3
REIMS OUEST (THILLOIS)	JARNY	13.4	8.3
JARNY	REIMS SUD	11.8	7.3
REIMS SUD	JARNY	11.8	7.3
JARNY	CHALONS / LA VEUVE (REIMS)	8.7	5.3
CHALONS / LA VEUVE (REIMS)	JARNY	8.7	5.3
JARNY	CHALONS / LA VEUVE (METZ)	8.7	5.3
CHALONS / LA VEUVE (METZ)	JARNY	8.7	5.3
JARNY	ST ETIENNE AU TEMPLE	8.0	5.0
ST ETIENNE AU TEMPLE	JARNY	8.0	5.0
JARNY	ST MENEHOULD	6.1	3.8
ST MENEHOULD	JARNY	6.1	3.8
JARNY	VOIE SACREE	3.6	2.2
VOIE SACREE	JARNY	3.6	2.2
JARNY	VERDUN	2.9	1.7
VERDUN	JARNY	2.9	1.7
JARNY	FRESNES EN WOEVRE	1.7	1.0
FRESNES EN WOEVRE	JARNY	1.7	1.0
JARNY	CLERMONT EN ARGONNE	4.6	2.8
CLERMONT EN ARGONNE	JARNY	4.6	2.8
METZ BEAUMONT	MONTREUIL AUX LIONS	23.8	15.1
MONTREUIL AUX LIONS	METZ BEAUMONT	23.8	15.1
METZ BEAUMONT	MONTREUIL (REIMS)	22.3	13.6
MONTREUIL (REIMS)	METZ BEAUMONT	22.3	13.6
METZ BEAUMONT	CHATEAU-THIERRY	20.2	12.4
CHATEAU-THIERRY	METZ BEAUMONT	20.2	12.4
METZ BEAUMONT	DORMANS	17.8	11.0
DORMANS	METZ BEAUMONT	17.8	11.0
METZ BEAUMONT	REIMS OUEST (THILLOIS)	17.1	10.4
REIMS OUEST (THILLOIS)	METZ BEAUMONT	17.1	10.4
METZ BEAUMONT	REIMS SUD	14.9	9.2
REIMS SUD	METZ BEAUMONT	14.9	9.2
METZ BEAUMONT	CHALONS / LA VEUVE (REIMS)	11.5	7.0
CHALONS / LA VEUVE (REIMS)	METZ BEAUMONT	11.5	7.0
METZ BEAUMONT	CHALONS / LA VEUVE (METZ)	11.5	7.0
CHALONS / LA VEUVE (METZ)	METZ BEAUMONT	11.5	7.0
METZ BEAUMONT	ST ETIENNE AU TEMPLE	11.2	7.0
ST ETIENNE AU TEMPLE	METZ BEAUMONT	11.2	7.0
METZ BEAUMONT	ST MENEHOULD	9.1	5.1
ST MENEHOULD	METZ BEAUMONT	9.1	5.1
METZ BEAUMONT	VOIE SACREE	6.1	3.7
VOIE SACREE	METZ BEAUMONT	6.1	3.7
METZ BEAUMONT	VERDUN	5.2	2.9
VERDUN	METZ BEAUMONT	5.2	2.9
METZ BEAUMONT	FRESNES EN WOEVRE	3.7	2.2
FRESNES EN WOEVRE	METZ BEAUMONT	3.7	2.2
METZ BEAUMONT	JARNY	1.8	1.1
JARNY	METZ BEAUMONT	1.8	1.1
METZ BEAUMONT	CLERMONT EN ARGONNE	7.3	4.2
CLERMONT EN ARGONNE	METZ BEAUMONT	7.3	4.2
CLERMONT EN ARGONNE	MONTREUIL AUX LIONS	16.3	10.4
MONTREUIL AUX LIONS	CLERMONT EN ARGONNE	16.3	10.4
CLERMONT EN ARGONNE	MONTREUIL (REIMS)	14.1	8.2
MONTREUIL (REIMS)	CLERMONT EN ARGONNE	14.1	8.2
CLERMONT EN ARGONNE	CHATEAU-THIERRY	12.2	7.5
CHATEAU-THIERRY	CLERMONT EN ARGONNE	12.2	7.5
CLERMONT EN ARGONNE	DORMANS	9.7	5.9
DORMANS	CLERMONT EN ARGONNE	9.7	5.9
CLERMONT EN ARGONNE	REIMS OUEST (THILLOIS)	8.6	5.2
REIMS OUEST (THILLOIS)	CLERMONT EN ARGONNE	8.6	5.2
CLERMONT EN ARGONNE	REIMS SUD	6.6	4.2
REIMS SUD	CLERMONT EN ARGONNE	6.6	4.2
CLERMONT EN ARGONNE	CHARMONT-S/BARBUISE	10.6	6.8
CHARMONT-S/BARBUISE	CLERMONT EN ARGONNE	10.6	6.8
CLERMONT EN ARGONNE	VALLEE DE L'AUBE	8.9	6.0
VALLEE DE L'AUBE	CLERMONT EN ARGONNE	8.9	6.0
CLERMONT EN ARGONNE	SOMMESOUS	7.7	4.5
SOMMESOUS	CLERMONT EN ARGONNE	7.7	4.5
CLERMONT EN ARGONNE	MONT CHOISY	6.0	3.7
MONT CHOISY	CLERMONT EN ARGONNE	6.0	3.7
CLERMONT EN ARGONNE	ST GIBRIEN	5.4	3.5
ST GIBRIEN	CLERMONT EN ARGONNE	5.4	3.5
CLERMONT EN ARGONNE	CHALONS / LA VEUVE (REIMS)	3.8	2.3
CHALONS / LA VEUVE (REIMS)	CLERMONT EN ARGONNE	3.8	2.3
CLERMONT EN ARGONNE	CHALONS / LA VEUVE (METZ)	3.8	2.3
CHALONS / LA VEUVE (METZ)	CLERMONT EN ARGONNE	3.8	2.3
CLERMONT EN ARGONNE	ST ETIENNE AU TEMPLE	3.4	2.1
ST ETIENNE AU TEMPLE	CLERMONT EN ARGONNE	3.4	2.1
CLERMONT EN ARGONNE	ST MENEHOULD	1.2	0.7
ST MENEHOULD	CLERMONT EN ARGONNE	1.2	0.7
CLERMONT EN ARGONNE	VOIE SACREE	0.9	0.5
VOIE SACREE	CLERMONT EN ARGONNE	0.9	0.5
CLERMONT EN ARGONNE	VERDUN	2.9	1.7
VERDUN	CLERMONT EN ARGONNE	2.9	1.7
CLERMONT EN ARGONNE	FRESNES EN WOEVRE	2.9	1.7
FRESNES EN WOEVRE	CLERMONT EN ARGONNE	2.9	1.7
CLERMONT EN ARGONNE	JARNY	4.6	2.8
JARNY	CLERMONT EN ARGONNE	4.6	2.8
CLERMONT EN ARGONNE	VATRY	6.9	4.3
VATRY	CLERMONT EN ARGONNE	6.9	4.3
VATRY	MONTREUIL AUX LIONS	13.2	8.6
MONTREUIL AUX LIONS	VATRY	13.2	8.6
VATRY	REIMS NORD (ORMES)	5.7	3.8
REIMS NORD (ORMES)	VATRY	5.7	3.8
VATRY	REIMS OUEST (THILLOIS)	6.4	4.1
REIMS OUEST (THILLOIS)	VATRY	6.4	4.1
VATRY	VALLEE DE L'AUBE	2.0	1.2
VALLEE DE L'AUBE	VATRY	2.0	1.2
VATRY	CHALONS / LA VEUVE (REIMS)	2.7	1.7
CHALONS / LA VEUVE (REIMS)	VATRY	2.7	1.7
VATRY	CHALONS / LA VEUVE (METZ)	3.4	2.3
CHALONS / LA VEUVE (METZ)	VATRY	3.4	2.3
VATRY	METZ BEAUMONT	13.7	9.1
METZ BEAUMONT	VATRY	13.7	9.1
GENDREY	MONTREUIL AUX LIONS	40.7	23.9
MONTREUIL AUX LIONS	GENDREY	40.7	23.9
GENDREY	REIMS NORD (ORMES)	32.6	18.9
REIMS NORD (ORMES)	GENDREY	32.6	18.9
GENDREY	REIMS OUEST (THILLOIS)	33.2	19.4
REIMS OUEST (THILLOIS)	GENDREY	33.2	19.4
GENDREY	VALLEE DE L'AUBE	22.5	13.5
VALLEE DE L'AUBE	GENDREY	22.5	13.5
GENDREY	CHALONS / LA VEUVE (REIMS)	28.3	16.9
CHALONS / LA VEUVE (REIMS)	GENDREY	28.3	16.9
GENDREY	CHALONS / LA VEUVE (METZ)	28.3	17.2
CHALONS / LA VEUVE (METZ)	GENDREY	28.3	17.2
GENDREY	METZ BEAUMONT	40.9	24.2
METZ BEAUMONT	GENDREY	40.9	24.2
SEURRE	MONTREUIL AUX LIONS	39.8	23.3
MONTREUIL AUX LIONS	SEURRE	39.8	23.3
SEURRE	REIMS NORD (ORMES)	31.7	18.3
REIMS NORD (ORMES)	SEURRE	31.7	18.3
SEURRE	REIMS OUEST (THILLOIS)	32.3	18.8
REIMS OUEST (THILLOIS)	SEURRE	32.3	18.8
SEURRE	VALLEE DE L'AUBE	21.6	12.9
VALLEE DE L'AUBE	SEURRE	21.6	12.9
SEURRE	CHALONS / LA VEUVE (REIMS)	27.4	16.3
CHALONS / LA VEUVE (REIMS)	SEURRE	27.4	16.3
SEURRE	CHALONS / LA VEUVE (METZ)	27.4	16.6
CHALONS / LA VEUVE (METZ)	SEURRE	27.4	16.6
SEURRE	METZ BEAUMONT	40.0	23.6
METZ BEAUMONT	SEURRE	40.0	23.6
VAL DE LOING-BARRIERE	REIMS OUEST (THILLOIS)	31.8	18.6
REIMS OUEST (THILLOIS)	VAL DE LOING-BARRIERE	31.8	18.6
BELLEGARDE	MONTREUIL AUX LIONS	56.8	33.5
MONTREUIL AUX LIONS	BELLEGARDE	56.8	33.5
BELLEGARDE	MONTREUIL (REIMS)	54.8	32.2
MONTREUIL (REIMS)	BELLEGARDE	54.8	32.2
BELLEGARDE	CHATEAU-THIERRY	52.5	31.1
CHATEAU-THIERRY	BELLEGARDE	52.5	31.1
BELLEGARDE	DORMANS	50.1	29.8
DORMANS	BELLEGARDE	50.1	29.8
BELLEGARDE	REIMS NORD (ORMES)	122.8	71.5
REIMS NORD (ORMES)	BELLEGARDE	122.8	71.5
BELLEGARDE	REIMS OUEST (THILLOIS)	49.3	29.0
REIMS OUEST (THILLOIS)	BELLEGARDE	49.3	29.0
BELLEGARDE	REIMS SUD	47.5	28.0
REIMS SUD	BELLEGARDE	47.5	28.0
BELLEGARDE	CHARMONT-S/BARBUISE	37.5	22.3
CHARMONT-S/BARBUISE	BELLEGARDE	37.5	22.3
BELLEGARDE	VALLEE DE L'AUBE	38.6	23.1
VALLEE DE L'AUBE	BELLEGARDE	38.6	23.1
BELLEGARDE	SOMMESOUS	40.5	24.2
SOMMESOUS	BELLEGARDE	40.5	24.2
BELLEGARDE	MONT CHOISY	42.4	25.5
MONT CHOISY	BELLEGARDE	42.4	25.5
BELLEGARDE	ST GIBRIEN	43.2	25.9
ST GIBRIEN	BELLEGARDE	43.2	25.9
BELLEGARDE	REIMS EST (TAISSY)	47.7	28.1
REIMS EST (TAISSY)	BELLEGARDE	47.7	28.1
BELLEGARDE	CHALONS / LA VEUVE (REIMS)	44.4	26.5
CHALONS / LA VEUVE (REIMS)	BELLEGARDE	44.4	26.5
BELLEGARDE	CHALONS / LA VEUVE (METZ)	44.4	26.8
CHALONS / LA VEUVE (METZ)	BELLEGARDE	44.4	26.8
BELLEGARDE	ST ETIENNE AU TEMPLE	44.4	26.8
ST ETIENNE AU TEMPLE	BELLEGARDE	44.4	26.8
BELLEGARDE	ST MENEHOULD	46.4	28.3
ST MENEHOULD	BELLEGARDE	46.4	28.3
BELLEGARDE	VOIE SACREE	49.9	30.1
VOIE SACREE	BELLEGARDE	49.9	30.1
BELLEGARDE	VERDUN	52.3	31.5
VERDUN	BELLEGARDE	52.3	31.5
BELLEGARDE	FRESNES EN WOEVRE	52.3	31.5
FRESNES EN WOEVRE	BELLEGARDE	52.3	31.5
BELLEGARDE	JARNY	53.8	32.5
JARNY	BELLEGARDE	53.8	32.5
BELLEGARDE	METZ BEAUMONT	57.0	33.8
METZ BEAUMONT	BELLEGARDE	57.0	33.8
BELLEGARDE	CLERMONT EN ARGONNE	48.1	29.1
CLERMONT EN ARGONNE	BELLEGARDE	48.1	29.1
BELLEGARDE	VATRY	41.1	24.3
VATRY	BELLEGARDE	41.1	24.3
ELOISE	MONTREUIL AUX LIONS	58.1	34.4
MONTREUIL AUX LIONS	ELOISE	58.1	34.4
ELOISE	MONTREUIL (REIMS)	56.1	33.1
MONTREUIL (REIMS)	ELOISE	56.1	33.1
ELOISE	CHATEAU-THIERRY	53.8	32.0
CHATEAU-THIERRY	ELOISE	53.8	32.0
ELOISE	DORMANS	51.4	30.7
DORMANS	ELOISE	51.4	30.7
ELOISE	REIMS NORD (ORMES)	50.0	29.4
REIMS NORD (ORMES)	ELOISE	50.0	29.4
ELOISE	REIMS OUEST (THILLOIS)	50.6	29.9
REIMS OUEST (THILLOIS)	ELOISE	50.6	29.9
ELOISE	REIMS SUD	48.8	28.9
REIMS SUD	ELOISE	48.8	28.9
ELOISE	CHARMONT-S/BARBUISE	38.8	23.2
CHARMONT-S/BARBUISE	ELOISE	38.8	23.2
ELOISE	VALLEE DE L'AUBE	39.9	24.0
VALLEE DE L'AUBE	ELOISE	39.9	24.0
ELOISE	SOMMESOUS	41.8	25.1
SOMMESOUS	ELOISE	41.8	25.1
ELOISE	MONT CHOISY	43.7	26.4
MONT CHOISY	ELOISE	43.7	26.4
ELOISE	ST GIBRIEN	44.5	26.8
ST GIBRIEN	ELOISE	44.5	26.8
ELOISE	REIMS EST (TAISSY)	49.0	29.0
REIMS EST (TAISSY)	ELOISE	49.0	29.0
ELOISE	CHALONS / LA VEUVE (REIMS)	45.7	27.4
CHALONS / LA VEUVE (REIMS)	ELOISE	45.7	27.4
ELOISE	CHALONS / LA VEUVE (METZ)	45.7	27.7
CHALONS / LA VEUVE (METZ)	ELOISE	45.7	27.7
ELOISE	ST ETIENNE AU TEMPLE	45.7	27.7
ST ETIENNE AU TEMPLE	ELOISE	45.7	27.7
ELOISE	ST MENEHOULD	47.7	29.2
ST MENEHOULD	ELOISE	47.7	29.2
ELOISE	VOIE SACREE	51.2	31.0
VOIE SACREE	ELOISE	51.2	31.0
ELOISE	VERDUN	53.6	32.4
VERDUN	ELOISE	53.6	32.4
ELOISE	FRESNES EN WOEVRE	53.6	32.4
FRESNES EN WOEVRE	ELOISE	53.6	32.4
ELOISE	JARNY	55.1	33.4
JARNY	ELOISE	55.1	33.4
ELOISE	METZ BEAUMONT	58.3	34.7
METZ BEAUMONT	ELOISE	58.3	34.7
ELOISE	CLERMONT EN ARGONNE	49.4	30.0
CLERMONT EN ARGONNE	ELOISE	49.4	30.0
ELOISE	VATRY	42.4	25.2
VATRY	ELOISE	42.4	25.2
VIRY	MONTREUIL AUX LIONS	62.0	36.9
MONTREUIL AUX LIONS	VIRY	62.0	36.9
VIRY	MONTREUIL (REIMS)	60.0	35.6
MONTREUIL (REIMS)	VIRY	60.0	35.6
VIRY	CHATEAU-THIERRY	57.7	34.5
CHATEAU-THIERRY	VIRY	57.7	34.5
VIRY	DORMANS	55.3	33.2
DORMANS	VIRY	55.3	33.2
VIRY	REIMS NORD (ORMES)	53.9	31.9
REIMS NORD (ORMES)	VIRY	53.9	31.9
VIRY	REIMS OUEST (THILLOIS)	54.5	32.4
REIMS OUEST (THILLOIS)	VIRY	54.5	32.4
VIRY	REIMS SUD	52.7	31.4
REIMS SUD	VIRY	52.7	31.4
VIRY	CHARMONT-S/BARBUISE	42.7	25.7
CHARMONT-S/BARBUISE	VIRY	42.7	25.7
VIRY	VALLEE DE L'AUBE	43.8	26.5
VALLEE DE L'AUBE	VIRY	43.8	26.5
VIRY	SOMMESOUS	45.7	27.6
SOMMESOUS	VIRY	45.7	27.6
VIRY	MONT CHOISY	47.6	28.9
MONT CHOISY	VIRY	47.6	28.9
VIRY	ST GIBRIEN	48.4	29.3
ST GIBRIEN	VIRY	48.4	29.3
VIRY	REIMS EST (TAISSY)	52.9	31.5
REIMS EST (TAISSY)	VIRY	52.9	31.5
VIRY	CHALONS / LA VEUVE (REIMS)	49.6	29.9
CHALONS / LA VEUVE (REIMS)	VIRY	49.6	29.9
VIRY	CHALONS / LA VEUVE (METZ)	49.6	30.2
CHALONS / LA VEUVE (METZ)	VIRY	49.6	30.2
VIRY	ST ETIENNE AU TEMPLE	49.6	30.2
ST ETIENNE AU TEMPLE	VIRY	49.6	30.2
VIRY	ST MENEHOULD	51.6	31.7
ST MENEHOULD	VIRY	51.6	31.7
VIRY	VOIE SACREE	55.1	33.5
VOIE SACREE	VIRY	55.1	33.5
VIRY	VERDUN	57.5	34.9
VERDUN	VIRY	57.5	34.9
VIRY	FRESNES EN WOEVRE	57.5	34.9
FRESNES EN WOEVRE	VIRY	57.5	34.9
VIRY	JARNY	59.0	35.9
JARNY	VIRY	59.0	35.9
VIRY	METZ BEAUMONT	62.2	37.2
METZ BEAUMONT	VIRY	62.2	37.2
VIRY	CLERMONT EN ARGONNE	53.3	32.5
CLERMONT EN ARGONNE	VIRY	53.3	32.5
VIRY	VATRY	46.3	27.7
VATRY	VIRY	46.3	27.7
